generatedAt,sourceType,sourceTitle,sourceUrl,sourceDate,articleId,matchedHeroCount,emittedRowCount,confidence,notes
2026-05-21T23:47:19.390Z,official_patch_note,11.2d Hotfix,https://playeternalreturn.com/posts/news/3598?hl=en-US,2026-05-20T02:53:00.000000Z,3598,1,1,high_for_patch_delta,Official Eternal Return patch note scanned for missing-damage heroes.
2026-05-21T23:47:19.390Z,official_patch_note,11.2c Hotfix,https://playeternalreturn.com/posts/news/3595?hl=en-US,2026-05-19T08:04:00.000000Z,3595,1,2,high_for_patch_delta,Official Eternal Return patch note scanned for missing-damage heroes.
2026-05-21T23:47:19.390Z,official_patch_note,11.2b Hotfix,https://playeternalreturn.com/posts/news/3589?hl=en-US,2026-05-15T09:27:00.000000Z,3589,0,0,none,Scanned official patch note; no damage-related missing-hero snippet emitted.
2026-05-21T23:47:19.390Z,official_patch_note,11.2a Hotfix,https://playeternalreturn.com/posts/news/3587?hl=en-US,2026-05-15T07:52:00.000000Z,3587,1,1,high_for_patch_delta,Official Eternal Return patch note scanned for missing-damage heroes.
2026-05-21T23:47:19.390Z,official_patch_note,"[Edited] PATCH NOTES 11.2 - MAY 14TH, 2026",https://playeternalreturn.com/posts/news/3572?hl=en-US,2026-05-13T08:00:00.000000Z,3572,39,61,high_for_patch_delta,Official Eternal Return patch note scanned for missing-damage heroes.
2026-05-21T23:47:19.390Z,official_patch_note,11.1b Hotfix,https://playeternalreturn.com/posts/news/3570?hl=en-US,2026-05-08T09:36:00.000000Z,3570,0,0,none,Scanned official patch note; no damage-related missing-hero snippet emitted.
2026-05-21T23:47:19.390Z,official_patch_note,11.1a Hotfix,https://playeternalreturn.com/posts/news/3568?hl=en-US,2026-05-08T05:51:00.000000Z,3568,2,2,high_for_patch_delta,Official Eternal Return patch note scanned for missing-damage heroes.
2026-05-21T23:47:19.390Z,official_patch_note,"PATCH NOTES 11.1 - MAY 7TH, 2026",https://playeternalreturn.com/posts/news/3555?hl=en-US,2026-05-06T08:00:00.000000Z,3555,5,7,high_for_patch_delta,Official Eternal Return patch note scanned for missing-damage heroes.
2026-05-21T23:47:19.390Z,official_patch_note,11.0d Hotfix,https://playeternalreturn.com/posts/news/3554?hl=en-US,2026-05-04T09:07:00.000000Z,3554,0,0,none,Scanned official patch note; no damage-related missing-hero snippet emitted.
2026-05-21T23:47:19.390Z,official_patch_note,11.0c Hotfix,https://playeternalreturn.com/posts/news/3549?hl=en-US,2026-05-01T08:31:00.000000Z,3549,0,0,none,Scanned official patch note; no damage-related missing-hero snippet emitted.
2026-05-21T23:47:19.390Z,official_patch_note,11.0b Hotfix,https://playeternalreturn.com/posts/news/3547?hl=en-US,2026-04-30T12:40:00.000000Z,3547,0,0,none,Scanned official patch note; no damage-related missing-hero snippet emitted.
2026-05-21T23:47:19.390Z,official_patch_note,11.0a Hotfix,https://playeternalreturn.com/posts/news/3544?hl=en-US,2026-04-30T11:27:00.000000Z,3544,0,0,none,Scanned official patch note; no damage-related missing-hero snippet emitted.
2026-05-21T23:47:19.390Z,official_patch_note,"PATCH NOTES 11.0 PART 2: Characters & Items - APRIL 30TH, 2026",https://playeternalreturn.com/posts/news/3531?hl=en-US,2026-04-29T08:00:10.000000Z,3531,1,1,high_for_patch_delta,Official Eternal Return patch note scanned for missing-damage heroes.
2026-05-21T23:47:19.390Z,official_patch_note,"PATCH NOTES 11.0 PART 1 - APRIL 30TH, 2026",https://playeternalreturn.com/posts/news/3530?hl=en-US,2026-04-29T08:00:00.000000Z,3530,0,0,none,Scanned official patch note; no damage-related missing-hero snippet emitted.
2026-05-21T23:47:19.390Z,official_patch_note,10.7c Hotfix,https://playeternalreturn.com/posts/news/3511?hl=en-US,2026-04-17T06:10:00.000000Z,3511,0,0,none,Scanned official patch note; no damage-related missing-hero snippet emitted.
2026-05-21T23:47:19.390Z,official_patch_note,10.7b Hotfix,https://playeternalreturn.com/posts/news/3509?hl=en-US,2026-04-16T14:36:00.000000Z,3509,0,0,none,Scanned official patch note; no damage-related missing-hero snippet emitted.
2026-05-21T23:47:19.390Z,official_patch_note,10.7a Hotfix,https://playeternalreturn.com/posts/news/3508?hl=en-US,2026-04-16T10:50:00.000000Z,3508,0,0,none,Scanned official patch note; no damage-related missing-hero snippet emitted.
2026-05-21T23:47:19.390Z,official_patch_note,"PATCH NOTES 10.7 - APRIL 16TH, 2026",https://playeternalreturn.com/posts/news/3504?hl=en-US,2026-04-15T08:00:00.000000Z,3504,29,40,high_for_patch_delta,Official Eternal Return patch note scanned for missing-damage heroes.
2026-05-21T23:47:19.390Z,official_patch_note,10.6d Hotfix,https://playeternalreturn.com/posts/news/3502?hl=en-US,2026-04-10T05:00:00.000000Z,3502,0,0,none,Scanned official patch note; no damage-related missing-hero snippet emitted.
2026-05-21T23:47:19.390Z,official_patch_note,10.6c Hotfix,https://playeternalreturn.com/posts/news/3496?hl=en-US,2026-04-06T06:57:00.000000Z,3496,0,0,none,Scanned official patch note; no damage-related missing-hero snippet emitted.
2026-05-21T23:47:19.390Z,official_patch_note,10.6b Hotfix,https://playeternalreturn.com/posts/news/3494?hl=en-US,2026-04-04T02:08:00.000000Z,3494,0,0,none,Scanned official patch note; no damage-related missing-hero snippet emitted.
2026-05-21T23:47:19.390Z,official_patch_note,10.6a Hotfix,https://playeternalreturn.com/posts/news/3487?hl=en-US,2026-04-03T03:17:00.000000Z,3487,0,0,none,Scanned official patch note; no damage-related missing-hero snippet emitted.
2026-05-21T23:47:19.390Z,official_patch_note,"PATCH NOTES 10.6 - APRIL 2ND, 2026",https://playeternalreturn.com/posts/news/3480?hl=en-US,2026-04-01T08:00:00.000000Z,3480,44,56,high_for_patch_delta,Official Eternal Return patch note scanned for missing-damage heroes.
2026-05-21T23:47:19.390Z,official_patch_note,10.5a Hotfix,https://playeternalreturn.com/posts/news/3457?hl=en-US,2026-03-24T05:36:00.000000Z,3457,1,2,high_for_patch_delta,Official Eternal Return patch note scanned for missing-damage heroes.
2026-05-21T23:47:19.390Z,official_patch_note,"PATCH NOTES 10.5 - March 19TH, 2026",https://playeternalreturn.com/posts/news/3444?hl=en-US,2026-03-18T08:00:00.000000Z,3444,53,76,high_for_patch_delta,Official Eternal Return patch note scanned for missing-damage heroes.
2026-05-21T23:47:19.390Z,official_patch_note,10.4d Hotfix,https://playeternalreturn.com/posts/news/3431?hl=en-US,2026-03-11T02:05:00.000000Z,3431,0,0,none,Scanned official patch note; no damage-related missing-hero snippet emitted.
2026-05-21T23:47:19.390Z,official_patch_note,10.4c Hotfix,https://playeternalreturn.com/posts/news/3429?hl=en-US,2026-03-09T09:59:00.000000Z,3429,0,0,none,Scanned official patch note; no damage-related missing-hero snippet emitted.
2026-05-21T23:47:19.390Z,official_patch_note,10.4b Hotfix,https://playeternalreturn.com/posts/news/3423?hl=en-US,2026-03-06T08:37:00.000000Z,3423,0,0,none,Scanned official patch note; no damage-related missing-hero snippet emitted.
2026-05-21T23:47:19.390Z,official_patch_note,10.4a Hotfix,https://playeternalreturn.com/posts/news/3418?hl=en-US,2026-03-05T12:30:00.000000Z,3418,0,0,none,Scanned official patch note; no damage-related missing-hero snippet emitted.
2026-05-21T23:47:19.390Z,official_patch_note,"[Edited] PATCH NOTES 10.4 - March 5TH, 2026",https://playeternalreturn.com/posts/news/3406?hl=en-US,2026-03-04T08:00:00.000000Z,3406,23,36,high_for_patch_delta,Official Eternal Return patch note scanned for missing-damage heroes.
2026-05-21T23:47:19.390Z,official_patch_note,10.3a Hotfix,https://playeternalreturn.com/posts/news/3388?hl=en-US,2026-02-20T03:35:00.000000Z,3388,0,0,none,Scanned official patch note; no damage-related missing-hero snippet emitted.
2026-05-21T23:47:19.390Z,official_patch_note,"PATCH NOTES 10.3 - February 19TH, 2026",https://playeternalreturn.com/posts/news/3374?hl=en-US,2026-02-13T13:00:00.000000Z,3374,26,46,high_for_patch_delta,Official Eternal Return patch note scanned for missing-damage heroes.
2026-05-21T23:47:19.390Z,official_patch_note,10.2c Hotfix,https://playeternalreturn.com/posts/news/3356?hl=en-US,2026-02-10T05:52:45.000000Z,3356,1,1,high_for_patch_delta,Official Eternal Return patch note scanned for missing-damage heroes.
2026-05-21T23:47:19.390Z,official_patch_note,10.2b Hotfix,https://playeternalreturn.com/posts/news/3352?hl=en-US,2026-02-06T06:02:00.000000Z,3352,0,0,none,Scanned official patch note; no damage-related missing-hero snippet emitted.
2026-05-21T23:47:19.390Z,official_patch_note,10.2a Hotfix,https://playeternalreturn.com/posts/news/3353?hl=en-US,2026-02-05T14:01:00.000000Z,3353,0,0,none,Scanned official patch note; no damage-related missing-hero snippet emitted.
2026-05-21T23:47:19.390Z,official_patch_note,"[Edited] PATCH NOTES 10.2 - February 5TH, 2026",https://playeternalreturn.com/posts/news/3340?hl=en-US,2026-02-04T08:00:00.000000Z,3340,24,32,high_for_patch_delta,Official Eternal Return patch note scanned for missing-damage heroes.
2026-05-21T23:47:19.390Z,official_patch_note,"[Edited] PATCH NOTES 10.1 - JANUARY 29TH, 2026",https://playeternalreturn.com/posts/news/3327?hl=en-US,2026-01-28T08:00:00.000000Z,3327,12,21,high_for_patch_delta,Official Eternal Return patch note scanned for missing-damage heroes.
2026-05-21T23:47:19.390Z,official_patch_note,10.0b Hotfix,https://playeternalreturn.com/posts/news/3324?hl=en-US,2026-01-26T03:24:40.000000Z,3324,0,0,none,Scanned official patch note; no damage-related missing-hero snippet emitted.
2026-05-21T23:47:19.390Z,official_patch_note,10.0a Hotfix,https://playeternalreturn.com/posts/news/3321?hl=en-US,2026-01-23T06:44:50.000000Z,3321,1,2,high_for_patch_delta,Official Eternal Return patch note scanned for missing-damage heroes.
2026-05-21T23:47:19.390Z,official_patch_note,"PATCH NOTES 10.0 PART 2: Characters & Items - JANUARY 22ND, 2026",https://playeternalreturn.com/posts/news/3306?hl=en-US,2026-01-21T08:00:10.000000Z,3306,34,65,high_for_patch_delta,Official Eternal Return patch note scanned for missing-damage heroes.
2026-05-21T23:47:19.390Z,official_patch_note,"PATCH NOTES 10.0 PART 1 - JANUARY 22ND, 2026",https://playeternalreturn.com/posts/news/3305?hl=en-US,2026-01-21T08:00:00.000000Z,3305,0,0,none,Scanned official patch note; no damage-related missing-hero snippet emitted.
2026-05-21T23:47:19.390Z,official_patch_note,"PATCH NOTES 9.7 - JANUARY 8TH, 2026",https://playeternalreturn.com/posts/news/3275?hl=en-US,2026-01-07T08:00:00.000000Z,3275,28,34,high_for_patch_delta,Official Eternal Return patch note scanned for missing-damage heroes.
2026-05-21T23:47:19.390Z,official_patch_note,9.6d Hotfix,https://playeternalreturn.com/posts/news/3270?hl=en-US,2025-12-30T06:28:00.000000Z,3270,0,0,none,Scanned official patch note; no damage-related missing-hero snippet emitted.
2026-05-21T23:47:19.390Z,official_patch_note,9.6c Hotfix,https://playeternalreturn.com/posts/news/3257?hl=en-US,2025-12-24T09:50:00.000000Z,3257,0,0,none,Scanned official patch note; no damage-related missing-hero snippet emitted.
2026-05-21T23:47:19.390Z,official_patch_note,9.6b Hotfix,https://playeternalreturn.com/posts/news/3255?hl=en-US,2025-12-24T07:25:00.000000Z,3255,0,0,none,Scanned official patch note; no damage-related missing-hero snippet emitted.
2026-05-21T23:47:19.390Z,official_patch_note,9.6a Hotfix,https://playeternalreturn.com/posts/news/3253?hl=en-US,2025-12-23T06:58:00.000000Z,3253,0,0,none,Scanned official patch note; no damage-related missing-hero snippet emitted.
2026-05-21T23:47:19.390Z,official_patch_note,"PATCH NOTES 9.6 - DECEMBER 23RD, 2025",https://playeternalreturn.com/posts/news/3242?hl=en-US,2025-12-22T08:00:00.000000Z,3242,31,39,high_for_patch_delta,Official Eternal Return patch note scanned for missing-damage heroes.
2026-05-21T23:47:19.390Z,official_patch_note,9.5c Hotfix,https://playeternalreturn.com/posts/news/3229?hl=en-US,2025-12-16T05:28:00.000000Z,3229,1,2,high_for_patch_delta,Official Eternal Return patch note scanned for missing-damage heroes.
2026-05-21T23:47:19.390Z,official_patch_note,9.5b Hotfix,https://playeternalreturn.com/posts/news/3225?hl=en-US,2025-12-12T05:42:00.000000Z,3225,0,0,none,Scanned official patch note; no damage-related missing-hero snippet emitted.
2026-05-21T23:47:19.390Z,official_patch_note,9.5a Hotfix,https://playeternalreturn.com/posts/news/3224?hl=en-US,2025-12-11T12:11:00.000000Z,3224,0,0,none,Scanned official patch note; no damage-related missing-hero snippet emitted.
2026-05-21T23:47:19.390Z,official_patch_note,"[Edited] PATCH NOTES 9.5 - DECEMBER 11TH, 2025",https://playeternalreturn.com/posts/news/3209?hl=en-US,2025-12-10T08:00:00.000000Z,3209,29,38,high_for_patch_delta,Official Eternal Return patch note scanned for missing-damage heroes.
2026-05-21T23:47:19.390Z,official_patch_note,9.4a Hotfix,https://playeternalreturn.com/posts/news/3196?hl=en-US,2025-11-28T03:43:00.000000Z,3196,0,0,none,Scanned official patch note; no damage-related missing-hero snippet emitted.
2026-05-21T23:47:19.390Z,official_patch_note,"PATCH NOTES 9.4 - NOVEMBER 27TH, 2025",https://playeternalreturn.com/posts/news/3182?hl=en-US,2025-11-26T08:00:00.000000Z,3182,62,101,high_for_patch_delta,Official Eternal Return patch note scanned for missing-damage heroes.
2026-05-21T23:47:19.390Z,official_patch_note,9.3a Hotfix,https://playeternalreturn.com/posts/news/3172?hl=en-US,2025-11-14T05:30:00.000000Z,3172,0,0,none,Scanned official patch note; no damage-related missing-hero snippet emitted.
2026-05-21T23:47:19.390Z,official_patch_note,"PATCH NOTES 9.3 - NOVEMBER 13TH, 2025",https://playeternalreturn.com/posts/news/3163?hl=en-US,2025-11-12T08:00:00.000000Z,3163,32,42,high_for_patch_delta,Official Eternal Return patch note scanned for missing-damage heroes.
2026-05-21T23:47:19.390Z,official_patch_note,9.2c Hotfix,https://playeternalreturn.com/posts/news/3149?hl=en-US,2025-11-04T07:21:00.000000Z,3149,0,0,none,Scanned official patch note; no damage-related missing-hero snippet emitted.
2026-05-21T23:47:19.390Z,official_patch_note,9.2b Hotfix,https://playeternalreturn.com/posts/news/3140?hl=en-US,2025-10-31T06:05:30.000000Z,3140,0,0,none,Scanned official patch note; no damage-related missing-hero snippet emitted.
2026-05-21T23:47:19.390Z,official_patch_note,9.2a Hotfix,https://playeternalreturn.com/posts/news/3137?hl=en-US,2025-10-30T08:59:00.000000Z,3137,0,0,none,Scanned official patch note; no damage-related missing-hero snippet emitted.
2026-05-21T23:47:19.390Z,official_patch_note,"PATCH NOTES 9.2 - OCTOBER 30TH, 2025",https://playeternalreturn.com/posts/news/3127?hl=en-US,2025-10-29T08:00:00.000000Z,3127,24,28,high_for_patch_delta,Official Eternal Return patch note scanned for missing-damage heroes.
2026-05-21T23:47:19.390Z,official_patch_note,9.1a Hotfix,https://playeternalreturn.com/posts/news/3124?hl=en-US,2025-10-24T02:36:00.000000Z,3124,0,0,none,Scanned official patch note; no damage-related missing-hero snippet emitted.
2026-05-21T23:47:19.390Z,official_patch_note,"PATCH NOTES 9.1 - OCTOBER 23RD, 2025",https://playeternalreturn.com/posts/news/3111?hl=en-US,2025-10-22T08:00:00.000000Z,3111,19,29,high_for_patch_delta,Official Eternal Return patch note scanned for missing-damage heroes.
2026-05-21T23:47:19.390Z,official_patch_note,9.0b Hotfix,https://playeternalreturn.com/posts/news/3107?hl=en-US,2025-10-20T10:06:00.000000Z,3107,0,0,none,Scanned official patch note; no damage-related missing-hero snippet emitted.
2026-05-21T23:47:19.390Z,official_patch_note,9.0a Hotfix,https://playeternalreturn.com/posts/news/3098?hl=en-US,2025-10-17T09:52:00.000000Z,3098,1,1,high_for_patch_delta,Official Eternal Return patch note scanned for missing-damage heroes.
2026-05-21T23:47:19.390Z,official_patch_note,"PATCH NOTES 9.0 PART 2: Characters & Items - OCTOBER 16TH, 2025",https://playeternalreturn.com/posts/news/3085?hl=en-US,2025-10-15T08:01:00.000000Z,3085,5,7,high_for_patch_delta,Official Eternal Return patch note scanned for missing-damage heroes.
2026-05-21T23:47:19.390Z,official_patch_note,"PATCH NOTES 9.0 PART 1 - OCTOBER 16TH, 2025",https://playeternalreturn.com/posts/news/3084?hl=en-US,2025-10-15T08:00:00.000000Z,3084,0,0,none,Scanned official patch note; no damage-related missing-hero snippet emitted.
2026-05-21T23:47:19.390Z,official_patch_note,8.7a Hotfix,https://playeternalreturn.com/posts/news/3074?hl=en-US,2025-10-03T09:10:00.000000Z,3074,0,0,none,Scanned official patch note; no damage-related missing-hero snippet emitted.
2026-05-21T23:47:19.390Z,official_patch_note,"PATCH NOTES 8.7 - OCTOBER 1ST, 2025",https://playeternalreturn.com/posts/news/3055?hl=en-US,2025-09-30T08:00:00.000000Z,3055,34,46,high_for_patch_delta,Official Eternal Return patch note scanned for missing-damage heroes.
2026-05-21T23:47:19.390Z,official_patch_note,8.6a Hotfix,https://playeternalreturn.com/posts/news/3042?hl=en-US,2025-09-23T06:15:00.000000Z,3042,4,5,high_for_patch_delta,Official Eternal Return patch note scanned for missing-damage heroes.
2026-05-21T23:47:19.390Z,official_patch_note,"PATCH NOTES 8.6 - SEPTEMBER 18TH, 2025",https://playeternalreturn.com/posts/news/3030?hl=en-US,2025-09-17T08:00:00.000000Z,3030,32,66,high_for_patch_delta,Official Eternal Return patch note scanned for missing-damage heroes.
2026-05-21T23:47:19.390Z,official_patch_note,8.5d Hotfix,https://playeternalreturn.com/posts/news/3025?hl=en-US,2025-09-11T01:36:00.000000Z,3025,0,0,none,Scanned official patch note; no damage-related missing-hero snippet emitted.
2026-05-21T23:47:19.390Z,official_patch_note,8.5c Hotfix,https://playeternalreturn.com/posts/news/3016?hl=en-US,2025-09-09T06:34:00.000000Z,3016,0,0,none,Scanned official patch note; no damage-related missing-hero snippet emitted.
2026-05-21T23:47:19.390Z,official_patch_note,8.5b Hotfix,https://playeternalreturn.com/posts/news/3015?hl=en-US,2025-09-04T11:57:00.000000Z,3015,0,0,none,Scanned official patch note; no damage-related missing-hero snippet emitted.
2026-05-21T23:47:19.390Z,official_patch_note,8.5a Hotfix,https://playeternalreturn.com/posts/news/3014?hl=en-US,2025-09-04T08:57:00.000000Z,3014,0,0,none,Scanned official patch note; no damage-related missing-hero snippet emitted.
2026-05-21T23:47:19.390Z,official_patch_note,"PATCH NOTES 8.5 - SEPTEMBER 4TH, 2025",https://playeternalreturn.com/posts/news/3000?hl=en-US,2025-09-03T08:00:00.000000Z,3000,38,59,high_for_patch_delta,Official Eternal Return patch note scanned for missing-damage heroes.
2026-05-21T23:47:19.390Z,official_patch_note,8.4d Hotfix,https://playeternalreturn.com/posts/news/2986?hl=en-US,2025-08-27T07:43:00.000000Z,2986,18,29,high_for_patch_delta,Official Eternal Return patch note scanned for missing-damage heroes.
2026-05-21T23:47:19.390Z,official_patch_note,8.4c Hotfix - Lone Wolf Temporily Disabled,https://playeternalreturn.com/posts/news/2972?hl=en-US,2025-08-22T12:39:00.000000Z,2972,0,0,none,Scanned official patch note; no damage-related missing-hero snippet emitted.
2026-05-21T23:47:19.390Z,official_patch_note,8.4b Hotfix,https://playeternalreturn.com/posts/news/2970?hl=en-US,2025-08-22T11:36:00.000000Z,2970,0,0,none,Scanned official patch note; no damage-related missing-hero snippet emitted.
2026-05-21T23:47:19.390Z,official_patch_note,8.4a Hotfix,https://playeternalreturn.com/posts/news/2964?hl=en-US,2025-08-22T07:30:00.000000Z,2964,26,32,high_for_patch_delta,Official Eternal Return patch note scanned for missing-damage heroes.
2026-05-21T23:47:19.390Z,official_patch_note,"PATCH NOTES 8.4 PART 2: LONE WOLF - AUGUST 21ST, 2025",https://playeternalreturn.com/posts/news/2953?hl=en-US,2025-08-20T08:01:00.000000Z,2953,0,0,none,Scanned official patch note; no damage-related missing-hero snippet emitted.
2026-05-21T23:47:19.390Z,official_patch_note,"PATCH NOTES 8.4 PART 1 - AUGUST 21ST, 2025",https://playeternalreturn.com/posts/news/2952?hl=en-US,2025-08-20T08:00:00.000000Z,2952,26,34,high_for_patch_delta,Official Eternal Return patch note scanned for missing-damage heroes.
2026-05-21T23:47:19.390Z,official_patch_note,8.3c Hotfix,https://playeternalreturn.com/posts/news/2940?hl=en-US,2025-08-11T11:04:00.000000Z,2940,0,0,none,Scanned official patch note; no damage-related missing-hero snippet emitted.
2026-05-21T23:47:19.390Z,official_patch_note,8.3b Hotfix,https://playeternalreturn.com/posts/news/2933?hl=en-US,2025-08-08T07:09:00.000000Z,2933,5,6,high_for_patch_delta,Official Eternal Return patch note scanned for missing-damage heroes.
2026-05-21T23:47:19.390Z,official_patch_note,[Edited] 8.3a Hotfix,https://playeternalreturn.com/posts/news/2928?hl=en-US,2025-08-07T10:07:00.000000Z,2928,0,0,none,Scanned official patch note; no damage-related missing-hero snippet emitted.
2026-05-21T23:47:19.390Z,official_patch_note,"PATCH NOTES 8.3 - AUGUST 7TH, 2025",https://playeternalreturn.com/posts/news/2916?hl=en-US,2025-08-06T08:00:00.000000Z,2916,29,38,high_for_patch_delta,Official Eternal Return patch note scanned for missing-damage heroes.
2026-05-21T23:47:19.390Z,official_patch_note,8.2e Hotfix,https://playeternalreturn.com/posts/news/2910?hl=en-US,2025-08-01T03:20:00.000000Z,2910,0,0,none,Scanned official patch note; no damage-related missing-hero snippet emitted.
2026-05-21T23:47:19.390Z,official_patch_note,8.2d Hotfix,https://playeternalreturn.com/posts/news/2905?hl=en-US,2025-07-29T05:13:00.000000Z,2905,0,0,none,Scanned official patch note; no damage-related missing-hero snippet emitted.
2026-05-21T23:47:19.390Z,official_patch_note,8.2c Hotfix,https://playeternalreturn.com/posts/news/2904?hl=en-US,2025-07-28T08:07:00.000000Z,2904,2,2,high_for_patch_delta,Official Eternal Return patch note scanned for missing-damage heroes.
2026-05-21T23:47:19.390Z,official_patch_note,8.2b Hotfix,https://playeternalreturn.com/posts/news/2897?hl=en-US,2025-07-25T05:10:00.000000Z,2897,1,1,high_for_patch_delta,Official Eternal Return patch note scanned for missing-damage heroes.
2026-05-21T23:47:19.390Z,official_patch_note,8.2a Hotfix,https://playeternalreturn.com/posts/news/2896?hl=en-US,2025-07-24T10:33:00.000000Z,2896,0,0,none,Scanned official patch note; no damage-related missing-hero snippet emitted.
2026-05-21T23:47:19.390Z,official_patch_note,"[Edited] PATCH NOTES 8.2 - JULY 24TH, 2025",https://playeternalreturn.com/posts/news/2885?hl=en-US,2025-07-23T08:00:00.000000Z,2885,24,30,high_for_patch_delta,Official Eternal Return patch note scanned for missing-damage heroes.
2026-05-21T23:47:19.390Z,official_patch_note,8.1c Hotfix,https://playeternalreturn.com/posts/news/2879?hl=en-US,2025-07-21T09:18:00.000000Z,2879,1,6,high_for_patch_delta,Official Eternal Return patch note scanned for missing-damage heroes.
2026-05-21T23:47:19.390Z,official_patch_note,8.1b Hotfix,https://playeternalreturn.com/posts/news/2875?hl=en-US,2025-07-19T06:59:00.000000Z,2875,2,6,high_for_patch_delta,Official Eternal Return patch note scanned for missing-damage heroes.
2026-05-21T23:47:19.390Z,official_patch_note,8.1a Hotfix,https://playeternalreturn.com/posts/news/2867?hl=en-US,2025-07-18T07:46:00.000000Z,2867,3,3,high_for_patch_delta,Official Eternal Return patch note scanned for missing-damage heroes.
2026-05-21T23:47:19.390Z,official_patch_note,"PATCH NOTES 8.1 - JULY 17TH, 2025",https://playeternalreturn.com/posts/news/2852?hl=en-US,2025-07-16T08:00:00.000000Z,2852,18,24,high_for_patch_delta,Official Eternal Return patch note scanned for missing-damage heroes.
2026-05-21T23:47:19.390Z,official_patch_note,8.0c Hotfix,https://playeternalreturn.com/posts/news/2844?hl=en-US,2025-07-11T09:55:00.000000Z,2844,5,13,high_for_patch_delta,Official Eternal Return patch note scanned for missing-damage heroes.
2026-05-21T23:47:19.390Z,official_patch_note,8.0b Hotfix,https://playeternalreturn.com/posts/news/2841?hl=en-US,2025-07-10T12:55:00.000000Z,2841,0,0,none,Scanned official patch note; no damage-related missing-hero snippet emitted.
2026-05-21T23:47:19.390Z,official_patch_note,8.0a Hotfix,https://playeternalreturn.com/posts/news/2839?hl=en-US,2025-07-10T10:00:00.000000Z,2839,0,0,none,Scanned official patch note; no damage-related missing-hero snippet emitted.
2026-05-21T23:47:19.390Z,official_patch_note,Patch Notes Part.2 - Characters & Items (2025.07.10),https://playeternalreturn.com/posts/news/2828?hl=en-US,2025-07-09T08:01:00.000000Z,2828,9,22,high_for_patch_delta,Official Eternal Return patch note scanned for missing-damage heroes.
2026-05-21T23:47:19.390Z,official_patch_note,"PATCH NOTES 8.0 PART 1 - JULY 10TH, 2025",https://playeternalreturn.com/posts/news/2827?hl=en-US,2025-07-09T08:00:00.000000Z,2827,0,0,none,Scanned official patch note; no damage-related missing-hero snippet emitted.
2026-05-21T23:47:19.390Z,official_patch_note,1.50a Hotfix,https://playeternalreturn.com/posts/news/2807?hl=en-US,2025-06-26T10:18:00.000000Z,2807,0,0,none,Scanned official patch note; no damage-related missing-hero snippet emitted.
2026-05-21T23:47:19.390Z,official_patch_note,"[Edited] PATCH NOTES 1.50 - June 26th, 2025",https://playeternalreturn.com/posts/news/2790?hl=en-US,2025-06-25T08:00:00.000000Z,2790,24,30,high_for_patch_delta,Official Eternal Return patch note scanned for missing-damage heroes.
2026-05-21T23:47:19.390Z,official_patch_note,1.49b Hotfix,https://playeternalreturn.com/posts/news/2786?hl=en-US,2025-06-20T05:04:00.000000Z,2786,0,0,none,Scanned official patch note; no damage-related missing-hero snippet emitted.
2026-05-21T23:47:19.390Z,official_patch_note,1.49a Hotfix,https://playeternalreturn.com/posts/news/2770?hl=en-US,2025-06-12T09:20:00.000000Z,2770,0,0,none,Scanned official patch note; no damage-related missing-hero snippet emitted.
2026-05-21T23:47:19.390Z,official_patch_note,"[Edited] PATCH NOTES 1.49 - June 12th, 2025",https://playeternalreturn.com/posts/news/2765?hl=en-US,2025-06-11T08:00:00.000000Z,2765,36,54,high_for_patch_delta,Official Eternal Return patch note scanned for missing-damage heroes.
2026-05-21T23:47:19.390Z,official_patch_note,1.48a Hotfix,https://playeternalreturn.com/posts/news/2750?hl=en-US,2025-05-30T08:12:00.000000Z,2750,0,0,none,Scanned official patch note; no damage-related missing-hero snippet emitted.
2026-05-21T23:47:19.390Z,official_patch_note,1.47e Hotfix,https://playeternalreturn.com/posts/news/2737?hl=en-US,2025-05-28T08:20:00.000000Z,2737,0,0,none,Scanned official patch note; no damage-related missing-hero snippet emitted.
2026-05-21T23:47:19.390Z,official_patch_note,"PATCH NOTES 1.48 - May 29th, 2025",https://playeternalreturn.com/posts/news/2736?hl=en-US,2025-05-28T08:00:00.000000Z,2736,29,38,high_for_patch_delta,Official Eternal Return patch note scanned for missing-damage heroes.
2026-05-21T23:47:19.390Z,official_patch_note,1.47d Hotfix,https://playeternalreturn.com/posts/news/2726?hl=en-US,2025-05-22T12:39:00.000000Z,2726,0,0,none,Scanned official patch note; no damage-related missing-hero snippet emitted.
2026-05-21T23:47:19.390Z,official_patch_note,[Edited] 1.47c Hotfix,https://playeternalreturn.com/posts/news/2722?hl=en-US,2025-05-20T05:13:00.000000Z,2722,1,3,high_for_patch_delta,Official Eternal Return patch note scanned for missing-damage heroes.
2026-05-21T23:47:19.390Z,official_patch_note,1.47b Hotfix,https://playeternalreturn.com/posts/news/2720?hl=en-US,2025-05-19T07:15:00.000000Z,2720,0,0,none,Scanned official patch note; no damage-related missing-hero snippet emitted.
2026-05-21T23:47:19.390Z,official_patch_note,1.47a Hotfix,https://playeternalreturn.com/posts/news/2713?hl=en-US,2025-05-15T10:50:00.000000Z,2713,1,2,high_for_patch_delta,Official Eternal Return patch note scanned for missing-damage heroes.
2026-05-21T23:47:19.390Z,official_patch_note,"PATCH NOTES 1.47 - May 15th, 2025",https://playeternalreturn.com/posts/news/2702?hl=en-US,2025-05-14T08:00:00.000000Z,2702,48,83,high_for_patch_delta,Official Eternal Return patch note scanned for missing-damage heroes.
2026-05-21T23:47:19.390Z,official_patch_note,1.46a Hotfix,https://playeternalreturn.com/posts/news/2688?hl=en-US,2025-05-01T07:45:00.000000Z,2688,23,33,high_for_patch_delta,Official Eternal Return patch note scanned for missing-damage heroes.
2026-05-21T23:47:19.390Z,official_patch_note,1.46 Cobalt Protocol Revamp Patch Notes,https://playeternalreturn.com/posts/news/2674?hl=en-US,2025-04-29T09:10:15.000000Z,2674,0,0,none,Scanned official patch note; no damage-related missing-hero snippet emitted.
2026-05-21T23:47:19.390Z,official_patch_note,"PATCH NOTES 1.46 - April 30th, 2025",https://playeternalreturn.com/posts/news/2673?hl=en-US,2025-04-29T09:10:00.000000Z,2673,23,37,high_for_patch_delta,Official Eternal Return patch note scanned for missing-damage heroes.
2026-05-21T23:47:19.390Z,official_patch_note,1.45d Hotfix,https://playeternalreturn.com/posts/news/2662?hl=en-US,2025-04-23T02:10:00.000000Z,2662,0,0,none,Scanned official patch note; no damage-related missing-hero snippet emitted.
2026-05-21T23:47:19.390Z,official_patch_note,1.45c Hotfix,https://playeternalreturn.com/posts/news/2657?hl=en-US,2025-04-21T06:47:00.000000Z,2657,0,0,none,Scanned official patch note; no damage-related missing-hero snippet emitted.
2026-05-21T23:47:19.390Z,official_patch_note,1.45b Hotfix,https://playeternalreturn.com/posts/news/2655?hl=en-US,2025-04-18T03:06:00.000000Z,2655,0,0,none,Scanned official patch note; no damage-related missing-hero snippet emitted.
2026-05-21T23:47:19.390Z,official_patch_note,1.45a Hotfix,https://playeternalreturn.com/posts/news/2653?hl=en-US,2025-04-17T09:37:00.000000Z,2653,0,0,none,Scanned official patch note; no damage-related missing-hero snippet emitted.
2026-05-21T23:47:19.390Z,official_patch_note,"PATCH NOTES 1.45 - April 17th, 2025",https://playeternalreturn.com/posts/news/2645?hl=en-US,2025-04-16T08:00:00.000000Z,2645,20,26,high_for_patch_delta,Official Eternal Return patch note scanned for missing-damage heroes.
2026-05-21T23:47:19.390Z,official_patch_note,1.44d Hotfix,https://playeternalreturn.com/posts/news/2638?hl=en-US,2025-04-09T03:16:00.000000Z,2638,0,0,none,Scanned official patch note; no damage-related missing-hero snippet emitted.
2026-05-21T23:47:19.390Z,official_patch_note,1.44c Hotfix,https://playeternalreturn.com/posts/news/2636?hl=en-US,2025-04-08T05:40:00.000000Z,2636,1,5,high_for_patch_delta,Official Eternal Return patch note scanned for missing-damage heroes.
2026-05-21T23:47:19.390Z,official_patch_note,1.44b Hotfix,https://playeternalreturn.com/posts/news/2633?hl=en-US,2025-04-03T11:25:00.000000Z,2633,0,0,none,Scanned official patch note; no damage-related missing-hero snippet emitted.
2026-05-21T23:47:19.390Z,official_patch_note,1.44a Hotfix,https://playeternalreturn.com/posts/news/2631?hl=en-US,2025-04-03T08:24:00.000000Z,2631,0,0,none,Scanned official patch note; no damage-related missing-hero snippet emitted.
2026-05-21T23:47:19.390Z,official_patch_note,"PATCH NOTES 1.44 - April 3rd, 2025",https://playeternalreturn.com/posts/news/2623?hl=en-US,2025-04-02T08:00:00.000000Z,2623,28,34,high_for_patch_delta,Official Eternal Return patch note scanned for missing-damage heroes.
2026-05-21T23:47:19.390Z,official_patch_note,1.43.1a Hotfix,https://playeternalreturn.com/posts/news/2604?hl=en-US,2025-03-27T10:40:00.000000Z,2604,0,0,none,Scanned official patch note; no damage-related missing-hero snippet emitted.
2026-05-21T23:47:19.390Z,official_patch_note,"PATCH NOTES 1.43.1 - March 27th, 2025",https://playeternalreturn.com/posts/news/2598?hl=en-US,2025-03-26T08:00:00.000000Z,2598,10,15,high_for_patch_delta,Official Eternal Return patch note scanned for missing-damage heroes.
2026-05-21T23:47:19.390Z,official_patch_note,1.43b Hotfix,https://playeternalreturn.com/posts/news/2595?hl=en-US,2025-03-24T07:14:00.000000Z,2595,0,0,none,Scanned official patch note; no damage-related missing-hero snippet emitted.
2026-05-21T23:47:19.390Z,official_patch_note,1.43a Hotfix,https://playeternalreturn.com/posts/news/2592?hl=en-US,2025-03-21T08:39:00.000000Z,2592,1,1,high_for_patch_delta,Official Eternal Return patch note scanned for missing-damage heroes.
2026-05-21T23:47:19.390Z,official_patch_note,"PATCH NOTES 1.43 PART 2: CHARACTERS & ITEMS - MARCH 20TH, 2025",https://playeternalreturn.com/posts/news/2585?hl=en-US,2025-03-19T08:01:00.000000Z,2585,6,19,high_for_patch_delta,Official Eternal Return patch note scanned for missing-damage heroes.
2026-05-21T23:47:19.390Z,official_patch_note,"PATCH NOTES 1.43 PART 1 - MARCH 20TH, 2025",https://playeternalreturn.com/posts/news/2584?hl=en-US,2025-03-19T08:00:00.000000Z,2584,0,0,none,Scanned official patch note; no damage-related missing-hero snippet emitted.
2026-05-21T23:47:19.390Z,official_patch_note,1.42b Hotfix,https://playeternalreturn.com/posts/news/2576?hl=en-US,2025-03-11T02:53:00.000000Z,2576,1,1,high_for_patch_delta,Official Eternal Return patch note scanned for missing-damage heroes.
2026-05-21T23:47:19.390Z,official_patch_note,1.42a Hotfix,https://playeternalreturn.com/posts/news/2567?hl=en-US,2025-03-08T03:50:00.000000Z,2567,0,0,none,Scanned official patch note; no damage-related missing-hero snippet emitted.
2026-05-21T23:47:19.390Z,official_patch_note,"PATCH NOTES 1.42 - March 6th, 2025",https://playeternalreturn.com/posts/news/2559?hl=en-US,2025-03-05T08:00:00.000000Z,2559,34,47,high_for_patch_delta,Official Eternal Return patch note scanned for missing-damage heroes.
2026-05-21T23:47:19.390Z,official_patch_note,"PATCH NOTES 1.41 - February 20th, 2025",https://playeternalreturn.com/posts/news/2536?hl=en-US,2025-02-19T08:00:00.000000Z,2536,18,25,high_for_patch_delta,Official Eternal Return patch note scanned for missing-damage heroes.
2026-05-21T23:47:19.390Z,official_patch_note,1.40c Hotfix,https://playeternalreturn.com/posts/news/2533?hl=en-US,2025-02-14T06:23:00.000000Z,2533,1,1,high_for_patch_delta,Official Eternal Return patch note scanned for missing-damage heroes.
2026-05-21T23:47:19.390Z,official_patch_note,1.40b Hotfix,https://playeternalreturn.com/posts/news/2524?hl=en-US,2025-02-11T07:01:00.000000Z,2524,1,2,high_for_patch_delta,Official Eternal Return patch note scanned for missing-damage heroes.
2026-05-21T23:47:19.390Z,official_patch_note,"PATCH NOTES 1.40 - February 6th, 2025",https://playeternalreturn.com/posts/news/2513?hl=en-US,2025-02-05T08:00:00.000000Z,2513,22,28,high_for_patch_delta,Official Eternal Return patch note scanned for missing-damage heroes.
2026-05-21T23:47:19.390Z,official_patch_note,1.39.1b Hotfix,https://playeternalreturn.com/posts/news/2506?hl=en-US,2025-01-28T04:43:27.000000Z,2506,1,1,high_for_patch_delta,Official Eternal Return patch note scanned for missing-damage heroes.
2026-05-21T23:47:19.390Z,official_patch_note,1.39.1a Hotfix,https://playeternalreturn.com/posts/news/2446?hl=en-US,2025-01-23T07:33:00.000000Z,2446,0,0,none,Scanned official patch note; no damage-related missing-hero snippet emitted.
2026-05-21T23:47:19.390Z,official_patch_note,"PATCH NOTES 1.39.1 - January 23th, 2025",https://playeternalreturn.com/posts/news/2495?hl=en-US,2025-01-22T08:00:00.000000Z,2495,12,19,high_for_patch_delta,Official Eternal Return patch note scanned for missing-damage heroes.
2026-05-21T23:47:19.390Z,official_patch_note,1.39c Hotfix,https://playeternalreturn.com/posts/news/2492?hl=en-US,2025-01-17T09:19:00.000000Z,2492,0,0,none,Scanned official patch note; no damage-related missing-hero snippet emitted.
2026-05-21T23:47:19.390Z,official_patch_note,1.39b Hotfix,https://playeternalreturn.com/posts/news/2490?hl=en-US,2025-01-17T06:55:00.000000Z,2490,0,0,none,Scanned official patch note; no damage-related missing-hero snippet emitted.
2026-05-21T23:47:19.390Z,official_patch_note,1.39a Hotfix,https://playeternalreturn.com/posts/news/2460?hl=en-US,2025-01-16T09:32:00.000000Z,2460,0,0,none,Scanned official patch note; no damage-related missing-hero snippet emitted.
2026-05-21T23:47:19.390Z,official_patch_note,"PATCH NOTES 1.39 - January 16th, 2025",https://playeternalreturn.com/posts/news/2450?hl=en-US,2025-01-15T08:00:00.000000Z,2450,27,41,high_for_patch_delta,Official Eternal Return patch note scanned for missing-damage heroes.
2026-05-21T23:47:19.390Z,official_patch_note,1.38c Hotfix,https://playeternalreturn.com/posts/news/2441?hl=en-US,2025-01-08T03:22:00.000000Z,2441,0,0,none,Scanned official patch note; no damage-related missing-hero snippet emitted.
2026-05-21T23:47:19.390Z,official_patch_note,1.38b Hotfix,https://playeternalreturn.com/posts/news/2440?hl=en-US,2025-01-06T06:53:00.000000Z,2440,0,0,none,Scanned official patch note; no damage-related missing-hero snippet emitted.
2026-05-21T23:47:19.390Z,official_patch_note,1.38a Hotfix,https://playeternalreturn.com/posts/news/2435?hl=en-US,2025-01-02T11:00:00.000000Z,2435,0,0,none,Scanned official patch note; no damage-related missing-hero snippet emitted.
2026-05-21T23:47:19.390Z,official_patch_note,"PATCH NOTES 1.38 - January 2nd, 2025",https://playeternalreturn.com/posts/news/2426?hl=en-US,2024-12-31T08:00:00.000000Z,2426,23,35,high_for_patch_delta,Official Eternal Return patch note scanned for missing-damage heroes.
2026-05-21T23:47:19.390Z,official_patch_note,1.37d Hotfix,https://playeternalreturn.com/posts/news/2420?hl=en-US,2024-12-26T06:54:00.000000Z,2420,0,0,none,Scanned official patch note; no damage-related missing-hero snippet emitted.
2026-05-21T23:47:19.390Z,official_patch_note,1.37c Hotfix,https://playeternalreturn.com/posts/news/2415?hl=en-US,2024-12-24T05:21:00.000000Z,2415,3,5,high_for_patch_delta,Official Eternal Return patch note scanned for missing-damage heroes.
2026-05-21T23:47:19.390Z,official_patch_note,1.37b Hotfix,https://playeternalreturn.com/posts/news/2413?hl=en-US,2024-12-20T07:36:00.000000Z,2413,0,0,none,Scanned official patch note; no damage-related missing-hero snippet emitted.
2026-05-21T23:47:19.390Z,official_patch_note,[Edited] 1.37a Hotfix,https://playeternalreturn.com/posts/news/2412?hl=en-US,2024-12-19T09:49:00.000000Z,2412,0,0,none,Scanned official patch note; no damage-related missing-hero snippet emitted.
2026-05-21T23:47:19.390Z,official_patch_note,"PATCH NOTES 1.37 - December 19th, 2024",https://playeternalreturn.com/posts/news/2401?hl=en-US,2024-12-18T08:00:00.000000Z,2401,23,31,high_for_patch_delta,Official Eternal Return patch note scanned for missing-damage heroes.
2026-05-21T23:47:19.390Z,official_patch_note,1.36.1b Hotfix,https://playeternalreturn.com/posts/news/2395?hl=en-US,2024-12-13T06:50:00.000000Z,2395,2,2,high_for_patch_delta,Official Eternal Return patch note scanned for missing-damage heroes.
2026-05-21T23:47:19.390Z,official_patch_note,1.36.1a Hotfix,https://playeternalreturn.com/posts/news/2393?hl=en-US,2024-12-12T07:03:00.000000Z,2393,0,0,none,Scanned official patch note; no damage-related missing-hero snippet emitted.
2026-05-21T23:47:19.390Z,official_patch_note,"PATCH NOTES 1.36.1 - December 12th, 2024",https://playeternalreturn.com/posts/news/2381?hl=en-US,2024-12-11T08:00:00.000000Z,2381,9,9,high_for_patch_delta,Official Eternal Return patch note scanned for missing-damage heroes.
2026-05-21T23:47:19.390Z,official_patch_note,[Edited] 1.36a Hotfix,https://playeternalreturn.com/posts/news/2376?hl=en-US,2024-12-06T08:36:00.000000Z,2376,2,3,high_for_patch_delta,Official Eternal Return patch note scanned for missing-damage heroes.
2026-05-21T23:47:19.390Z,official_patch_note,1.36 Patch Notes Part.2 - Characters & Items,https://playeternalreturn.com/posts/news/2364?hl=en-US,2024-12-04T08:01:00.000000Z,2364,10,18,high_for_patch_delta,Official Eternal Return patch note scanned for missing-damage heroes.
2026-05-21T23:47:19.390Z,official_patch_note,"PATCH NOTES 1.36: PART 1 (Main) - December 5th, 2024",https://playeternalreturn.com/posts/news/2363?hl=en-US,2024-12-04T08:00:00.000000Z,2363,0,0,none,Scanned official patch note; no damage-related missing-hero snippet emitted.
2026-05-21T23:47:19.390Z,official_patch_note,"PATCH NOTES 1.35 - November 21st, 2024",https://playeternalreturn.com/posts/news/2331?hl=en-US,2024-11-20T08:00:00.000000Z,2331,35,51,high_for_patch_delta,Official Eternal Return patch note scanned for missing-damage heroes.
2026-05-21T23:47:19.390Z,official_patch_note,"PATCH NOTES 1.34 - November 7th, 2024",https://playeternalreturn.com/posts/news/2304?hl=en-US,2024-11-06T08:00:00.000000Z,2304,22,34,high_for_patch_delta,Official Eternal Return patch note scanned for missing-damage heroes.
2026-05-21T23:47:19.390Z,official_patch_note,1.33a Hotfix,https://playeternalreturn.com/posts/news/2288?hl=en-US,2024-10-29T03:30:00.000000Z,2288,0,0,none,Scanned official patch note; no damage-related missing-hero snippet emitted.
2026-05-21T23:47:19.390Z,official_patch_note,"PATCH NOTES 1.33 - October 24th, 2024",https://playeternalreturn.com/posts/news/2277?hl=en-US,2024-10-23T08:00:00.000000Z,2277,28,37,high_for_patch_delta,Official Eternal Return patch note scanned for missing-damage heroes.
2026-05-21T23:47:19.390Z,official_patch_note,1.32c Hotfix,https://playeternalreturn.com/posts/news/2252?hl=en-US,2024-10-15T08:08:00.000000Z,2252,0,0,none,Scanned official patch note; no damage-related missing-hero snippet emitted.
2026-05-21T23:47:19.390Z,official_patch_note,1.32b Hotfix,https://playeternalreturn.com/posts/news/2249?hl=en-US,2024-10-11T06:20:00.000000Z,2249,0,0,none,Scanned official patch note; no damage-related missing-hero snippet emitted.
2026-05-21T23:47:19.390Z,official_patch_note,1.32a Hotfix,https://playeternalreturn.com/posts/news/2245?hl=en-US,2024-10-10T08:42:00.000000Z,2245,0,0,none,Scanned official patch note; no damage-related missing-hero snippet emitted.
2026-05-21T23:47:19.390Z,official_patch_note,"PATCH NOTES 1.32 - October 10th, 2024",https://playeternalreturn.com/posts/news/2237?hl=en-US,2024-10-09T08:00:00.000000Z,2237,17,27,high_for_patch_delta,Official Eternal Return patch note scanned for missing-damage heroes.
2026-05-21T23:47:19.390Z,official_patch_note,1.31c Hotfix,https://playeternalreturn.com/posts/news/2220?hl=en-US,2024-09-30T06:08:00.000000Z,2220,0,0,none,Scanned official patch note; no damage-related missing-hero snippet emitted.
2026-05-21T23:47:19.390Z,official_patch_note,1.31b Hotfix,https://playeternalreturn.com/posts/news/2212?hl=en-US,2024-09-27T08:04:00.000000Z,2212,0,0,none,Scanned official patch note; no damage-related missing-hero snippet emitted.
2026-05-21T23:47:19.390Z,official_patch_note,1.31a Hotfix,https://playeternalreturn.com/posts/news/2207?hl=en-US,2024-09-26T09:30:00.000000Z,2207,0,0,none,Scanned official patch note; no damage-related missing-hero snippet emitted.
2026-05-21T23:47:19.390Z,official_patch_note,"PATCH NOTES 1.31 - September 26th, 2024",https://playeternalreturn.com/posts/news/2201?hl=en-US,2024-09-25T08:00:00.000000Z,2201,28,43,high_for_patch_delta,Official Eternal Return patch note scanned for missing-damage heroes.
2026-05-21T23:47:19.390Z,official_patch_note,1.30e Hotfix,https://playeternalreturn.com/posts/news/2195?hl=en-US,2024-09-19T07:46:05.000000Z,2195,0,0,none,Scanned official patch note; no damage-related missing-hero snippet emitted.
2026-05-21T23:47:19.390Z,official_patch_note,1.30d Hotfix,https://playeternalreturn.com/posts/news/2193?hl=en-US,2024-09-19T03:02:00.000000Z,2193,1,1,high_for_patch_delta,Official Eternal Return patch note scanned for missing-damage heroes.
2026-05-21T23:47:19.390Z,official_patch_note,1.30c Hotfix,https://playeternalreturn.com/posts/news/2190?hl=en-US,2024-09-17T03:30:00.000000Z,2190,1,1,high_for_patch_delta,Official Eternal Return patch note scanned for missing-damage heroes.
2026-05-21T23:47:19.390Z,official_patch_note,1.30b Hotfix,https://playeternalreturn.com/posts/news/2188?hl=en-US,2024-09-13T04:49:00.000000Z,2188,1,3,high_for_patch_delta,Official Eternal Return patch note scanned for missing-damage heroes.
2026-05-21T23:47:19.390Z,official_patch_note,[Edited]1.30a Hotfix,https://playeternalreturn.com/posts/news/2184?hl=en-US,2024-09-12T07:17:00.000000Z,2184,0,0,none,Scanned official patch note; no damage-related missing-hero snippet emitted.
2026-05-21T23:47:19.390Z,official_patch_note,[Complete] Maintenance Notice,https://playeternalreturn.com/posts/news/2181?hl=en-US,2024-09-12T06:00:00.000000Z,2181,0,0,none,Scanned official patch note; no damage-related missing-hero snippet emitted.
2026-05-21T23:47:19.390Z,official_patch_note,"PATCH NOTES 1.30 - September 12th, 2024",https://playeternalreturn.com/posts/news/2179?hl=en-US,2024-09-11T08:00:00.000000Z,2179,42,68,high_for_patch_delta,Official Eternal Return patch note scanned for missing-damage heroes.
2026-05-21T23:47:19.390Z,official_patch_note,1.29.1b Hotfix (Asia 1 Server),https://playeternalreturn.com/posts/news/2175?hl=en-US,2024-09-09T03:00:00.000000Z,2175,0,0,none,Scanned official patch note; no damage-related missing-hero snippet emitted.
2026-05-21T23:47:19.390Z,official_patch_note,1.29.1a Hotfix,https://playeternalreturn.com/posts/news/2174?hl=en-US,2024-09-06T05:00:00.000000Z,2174,4,8,high_for_patch_delta,Official Eternal Return patch note scanned for missing-damage heroes.
2026-05-21T23:47:19.390Z,official_patch_note,[Complete] Maintenance Notice,https://playeternalreturn.com/posts/news/2164?hl=en-US,2024-09-05T06:00:00.000000Z,2164,0,0,none,Scanned official patch note; no damage-related missing-hero snippet emitted.
2026-05-21T23:47:19.390Z,official_patch_note,"PATCH NOTES 1.29.1 - September 5th, 2024",https://playeternalreturn.com/posts/news/2161?hl=en-US,2024-09-04T08:00:00.000000Z,2161,11,15,high_for_patch_delta,Official Eternal Return patch note scanned for missing-damage heroes.
2026-05-21T23:47:19.390Z,official_patch_note,1.29e Hotfix,https://playeternalreturn.com/posts/news/2158?hl=en-US,2024-09-02T11:39:07.000000Z,2158,0,0,none,Scanned official patch note; no damage-related missing-hero snippet emitted.
2026-05-21T23:47:19.390Z,official_patch_note,1.29d Hotfix,https://playeternalreturn.com/posts/news/2152?hl=en-US,2024-09-02T08:46:00.000000Z,2152,1,3,high_for_patch_delta,Official Eternal Return patch note scanned for missing-damage heroes.
2026-05-21T23:47:19.390Z,official_patch_note,1.29c Hotfix,https://playeternalreturn.com/posts/news/2154?hl=en-US,2024-08-30T11:52:15.000000Z,2154,0,0,none,Scanned official patch note; no damage-related missing-hero snippet emitted.
2026-05-21T23:47:19.390Z,official_patch_note,1.29b Hotfix,https://playeternalreturn.com/posts/news/2134?hl=en-US,2024-08-30T08:19:00.000000Z,2134,3,11,high_for_patch_delta,Official Eternal Return patch note scanned for missing-damage heroes.
2026-05-21T23:47:19.390Z,official_patch_note,1.29a Hotfix,https://playeternalreturn.com/posts/news/2149?hl=en-US,2024-08-29T11:25:00.000000Z,2149,0,0,none,Scanned official patch note; no damage-related missing-hero snippet emitted.
2026-05-21T23:47:19.390Z,official_patch_note,"PATCH NOTES 1.29 - August 29th, 2024",https://playeternalreturn.com/posts/news/2132?hl=en-US,2024-08-28T08:20:00.000000Z,2132,10,19,high_for_patch_delta,Official Eternal Return patch note scanned for missing-damage heroes.
2026-05-21T23:47:19.390Z,official_patch_note,1.28b Hotfix,https://playeternalreturn.com/posts/news/2114?hl=en-US,2024-08-16T04:54:00.000000Z,2114,0,0,none,Scanned official patch note; no damage-related missing-hero snippet emitted.
2026-05-21T23:47:19.390Z,official_patch_note,1.28a Hotfix,https://playeternalreturn.com/posts/news/2112?hl=en-US,2024-08-14T10:18:00.000000Z,2112,0,0,none,Scanned official patch note; no damage-related missing-hero snippet emitted.
2026-05-21T23:47:19.390Z,official_patch_note,"PATCH NOTES 1.28 - August 14th, 2024",https://playeternalreturn.com/posts/news/2102?hl=en-US,2024-08-13T08:00:00.000000Z,2102,23,36,high_for_patch_delta,Official Eternal Return patch note scanned for missing-damage heroes.
2026-05-21T23:47:19.390Z,official_patch_note,1.27c Hotfix,https://playeternalreturn.com/posts/news/2085?hl=en-US,2024-08-05T06:51:00.000000Z,2085,1,1,high_for_patch_delta,Official Eternal Return patch note scanned for missing-damage heroes.
2026-05-21T23:47:19.390Z,official_patch_note,1.27b Hotfix,https://playeternalreturn.com/posts/news/2084?hl=en-US,2024-08-02T05:10:00.000000Z,2084,0,0,none,Scanned official patch note; no damage-related missing-hero snippet emitted.
2026-05-21T23:47:19.390Z,official_patch_note,1.27a Hotfix,https://playeternalreturn.com/posts/news/2081?hl=en-US,2024-08-01T09:14:00.000000Z,2081,0,0,none,Scanned official patch note; no damage-related missing-hero snippet emitted.
2026-05-21T23:47:19.390Z,official_patch_note,"PATCH NOTES 1.27 - August 1th, 2024",https://playeternalreturn.com/posts/news/2072?hl=en-US,2024-07-31T08:00:00.000000Z,2072,29,43,high_for_patch_delta,Official Eternal Return patch note scanned for missing-damage heroes.
2026-05-21T23:47:19.390Z,official_patch_note,1.26c Hotfix,https://playeternalreturn.com/posts/news/2063?hl=en-US,2024-07-23T05:28:00.000000Z,2063,1,1,high_for_patch_delta,Official Eternal Return patch note scanned for missing-damage heroes.
2026-05-21T23:47:19.390Z,official_patch_note,1.26b Hotfix,https://playeternalreturn.com/posts/news/2053?hl=en-US,2024-07-19T06:24:00.000000Z,2053,1,3,high_for_patch_delta,Official Eternal Return patch note scanned for missing-damage heroes.
2026-05-21T23:47:19.390Z,official_patch_note,1.26a  Hotfix,https://playeternalreturn.com/posts/news/2051?hl=en-US,2024-07-18T07:30:00.000000Z,2051,0,0,none,Scanned official patch note; no damage-related missing-hero snippet emitted.
2026-05-21T23:47:19.390Z,official_patch_note,"PATCH NOTES 1.26 - July 18th, 2024",https://playeternalreturn.com/posts/news/2038?hl=en-US,2024-07-17T08:00:00.000000Z,2038,31,45,high_for_patch_delta,Official Eternal Return patch note scanned for missing-damage heroes.
2026-05-21T23:47:19.390Z,official_patch_note,1.25c Hotfix,https://playeternalreturn.com/posts/news/2029?hl=en-US,2024-07-10T08:45:00.000000Z,2029,0,0,none,Scanned official patch note; no damage-related missing-hero snippet emitted.
2026-05-21T23:47:19.390Z,official_patch_note,1.25b Hotfix,https://playeternalreturn.com/posts/news/2025?hl=en-US,2024-07-09T05:20:00.000000Z,2025,2,2,high_for_patch_delta,Official Eternal Return patch note scanned for missing-damage heroes.
2026-05-21T23:47:19.390Z,official_patch_note,1.25a Hotfix,https://playeternalreturn.com/posts/news/2023?hl=en-US,2024-07-05T06:00:00.000000Z,2023,0,0,none,Scanned official patch note; no damage-related missing-hero snippet emitted.
2026-05-21T23:47:19.390Z,official_patch_note,"[Edited] PATCH NOTES 1.25 - July 4th, 2024",https://playeternalreturn.com/posts/news/2014?hl=en-US,2024-07-03T08:00:00.000000Z,2014,32,58,high_for_patch_delta,Official Eternal Return patch note scanned for missing-damage heroes.
2026-05-21T23:47:19.390Z,official_patch_note,1.24c Hotfix,https://playeternalreturn.com/posts/news/2007?hl=en-US,2024-06-27T05:00:00.000000Z,2007,0,0,none,Scanned official patch note; no damage-related missing-hero snippet emitted.
2026-05-21T23:47:19.390Z,official_patch_note,1.24b Hotfix,https://playeternalreturn.com/posts/news/1997?hl=en-US,2024-06-21T11:55:00.000000Z,1997,0,0,none,Scanned official patch note; no damage-related missing-hero snippet emitted.
2026-05-21T23:47:19.390Z,official_patch_note,1.24a Hotfix,https://playeternalreturn.com/posts/news/1994?hl=en-US,2024-06-21T03:15:00.000000Z,1994,0,0,none,Scanned official patch note; no damage-related missing-hero snippet emitted.
2026-05-21T23:47:19.390Z,official_patch_note,"PATCH NOTES 1.24 - June 20th, 2024",https://playeternalreturn.com/posts/news/1983?hl=en-US,2024-06-19T08:00:00.000000Z,1983,22,28,high_for_patch_delta,Official Eternal Return patch note scanned for missing-damage heroes.
2026-05-21T23:47:19.390Z,official_patch_note,1.23c Hotfix,https://playeternalreturn.com/posts/news/1981?hl=en-US,2024-06-16T01:30:00.000000Z,1981,0,0,none,Scanned official patch note; no damage-related missing-hero snippet emitted.
2026-05-21T23:47:19.390Z,official_patch_note,1.23b Hotfix,https://playeternalreturn.com/posts/news/1973?hl=en-US,2024-06-11T06:53:00.000000Z,1973,1,3,high_for_patch_delta,Official Eternal Return patch note scanned for missing-damage heroes.
2026-05-21T23:47:19.390Z,official_patch_note,1.23a Hotfix,https://playeternalreturn.com/posts/news/1967?hl=en-US,2024-06-06T04:17:00.000000Z,1967,3,4,high_for_patch_delta,Official Eternal Return patch note scanned for missing-damage heroes.
2026-05-21T23:47:19.390Z,official_patch_note,"PATCH NOTES 1.23 - June 5th, 2024",https://playeternalreturn.com/posts/news/1954?hl=en-US,2024-06-04T08:00:00.000000Z,1954,32,52,high_for_patch_delta,Official Eternal Return patch note scanned for missing-damage heroes.
2026-05-21T23:47:19.390Z,official_patch_note,1.22.1a Hotfix,https://playeternalreturn.com/posts/news/1953?hl=en-US,2024-05-31T05:51:00.000000Z,1953,0,0,none,Scanned official patch note; no damage-related missing-hero snippet emitted.
2026-05-21T23:47:19.390Z,official_patch_note,"PATCH NOTES 1.22.1 - May 30th, 2024",https://playeternalreturn.com/posts/news/1942?hl=en-US,2024-05-29T08:00:00.000000Z,1942,20,34,high_for_patch_delta,Official Eternal Return patch note scanned for missing-damage heroes.
2026-05-21T23:47:19.390Z,official_patch_note,1.22c Hotfix,https://playeternalreturn.com/posts/news/1935?hl=en-US,2024-05-24T09:37:00.000000Z,1935,0,0,none,Scanned official patch note; no damage-related missing-hero snippet emitted.
2026-05-21T23:47:19.390Z,official_patch_note,Upcoming 1.22c Hotfix,https://playeternalreturn.com/posts/news/1934?hl=en-US,2024-05-24T08:11:00.000000Z,1934,0,0,none,Scanned official patch note; no damage-related missing-hero snippet emitted.
2026-05-21T23:47:19.390Z,official_patch_note,1.22b Hotfix,https://playeternalreturn.com/posts/news/1931?hl=en-US,2024-05-24T06:53:00.000000Z,1931,6,12,high_for_patch_delta,Official Eternal Return patch note scanned for missing-damage heroes.
2026-05-21T23:47:19.390Z,official_patch_note,1.22a Hotfix,https://playeternalreturn.com/posts/news/1930?hl=en-US,2024-05-23T10:12:00.000000Z,1930,0,0,none,Scanned official patch note; no damage-related missing-hero snippet emitted.
2026-05-21T23:47:19.390Z,official_patch_note,"PATCH NOTES 1.22 - May 23rd, 2024",https://playeternalreturn.com/posts/news/1920?hl=en-US,2024-05-22T08:00:00.000000Z,1920,21,48,high_for_patch_delta,Official Eternal Return patch note scanned for missing-damage heroes.
2026-05-21T23:47:19.390Z,official_patch_note,1.21c Hotfix,https://playeternalreturn.com/posts/news/1912?hl=en-US,2024-05-10T12:23:00.000000Z,1912,0,0,none,Scanned official patch note; no damage-related missing-hero snippet emitted.
2026-05-21T23:47:19.390Z,official_patch_note,1.21b Hotfix,https://playeternalreturn.com/posts/news/1911?hl=en-US,2024-05-10T03:20:00.000000Z,1911,0,0,none,Scanned official patch note; no damage-related missing-hero snippet emitted.
2026-05-21T23:47:19.390Z,official_patch_note,1.21a Hotfix,https://playeternalreturn.com/posts/news/1908?hl=en-US,2024-05-09T09:33:00.000000Z,1908,0,0,none,Scanned official patch note; no damage-related missing-hero snippet emitted.
2026-05-21T23:47:19.390Z,official_patch_note,"PATCH NOTES 1.21 - May 09th, 2024",https://playeternalreturn.com/posts/news/1900?hl=en-US,2024-05-08T08:00:00.000000Z,1900,28,40,high_for_patch_delta,Official Eternal Return patch note scanned for missing-damage heroes.
2026-05-21T23:47:19.390Z,official_patch_note,1.20b Hotfix,https://playeternalreturn.com/posts/news/1880?hl=en-US,2024-04-26T10:52:00.000000Z,1880,0,0,none,Scanned official patch note; no damage-related missing-hero snippet emitted.
2026-05-21T23:47:19.390Z,official_patch_note,1.20a Hotfix,https://playeternalreturn.com/posts/news/1878?hl=en-US,2024-04-25T08:01:00.000000Z,1878,0,0,none,Scanned official patch note; no damage-related missing-hero snippet emitted.
2026-05-21T23:47:19.390Z,official_patch_note,"PATCH NOTES 1.20 - April 25th, 2024",https://playeternalreturn.com/posts/news/1868?hl=en-US,2024-04-24T08:00:00.000000Z,1868,40,65,high_for_patch_delta,Official Eternal Return patch note scanned for missing-damage heroes.
2026-05-21T23:47:19.390Z,official_patch_note,1.19b Hotfix,https://playeternalreturn.com/posts/news/1857?hl=en-US,2024-04-16T05:06:00.000000Z,1857,1,2,high_for_patch_delta,Official Eternal Return patch note scanned for missing-damage heroes.
2026-05-21T23:47:19.390Z,official_patch_note,1.19a Hotfix,https://playeternalreturn.com/posts/news/1854?hl=en-US,2024-04-12T05:35:00.000000Z,1854,0,0,none,Scanned official patch note; no damage-related missing-hero snippet emitted.
2026-05-21T23:47:19.390Z,official_patch_note,"PATCH NOTES 1.19 - April 11th, 2024",https://playeternalreturn.com/posts/news/1843?hl=en-US,2024-04-09T08:00:00.000000Z,1843,36,49,high_for_patch_delta,Official Eternal Return patch note scanned for missing-damage heroes.
2026-05-21T23:47:19.390Z,official_patch_note,1.18a Hotfix,https://playeternalreturn.com/posts/news/1826?hl=en-US,2024-03-28T11:10:00.000000Z,1826,0,0,none,Scanned official patch note; no damage-related missing-hero snippet emitted.
2026-05-21T23:47:19.390Z,official_patch_note,"PATCH NOTES 1.18 - March 28th, 2024",https://playeternalreturn.com/posts/news/1812?hl=en-US,2024-03-27T08:00:00.000000Z,1812,24,43,high_for_patch_delta,Official Eternal Return patch note scanned for missing-damage heroes.
2026-05-21T23:47:19.390Z,official_patch_note,1.17d Hotfix,https://playeternalreturn.com/posts/news/1808?hl=en-US,2024-03-22T05:00:00.000000Z,1808,0,0,none,Scanned official patch note; no damage-related missing-hero snippet emitted.
2026-05-21T23:47:19.390Z,official_patch_note,1.17c Hotfix,https://playeternalreturn.com/posts/news/1805?hl=en-US,2024-03-20T06:00:00.000000Z,1805,0,0,none,Scanned official patch note; no damage-related missing-hero snippet emitted.
2026-05-21T23:47:19.390Z,official_patch_note,1.17b Hotfix,https://playeternalreturn.com/posts/news/1802?hl=en-US,2024-03-15T04:57:00.000000Z,1802,0,0,none,Scanned official patch note; no damage-related missing-hero snippet emitted.
2026-05-21T23:47:19.390Z,official_patch_note,1.17a Hotfix,https://playeternalreturn.com/posts/news/1799?hl=en-US,2024-03-14T08:28:00.000000Z,1799,0,0,none,Scanned official patch note; no damage-related missing-hero snippet emitted.
2026-05-21T23:47:19.390Z,official_patch_note,"PATCH NOTES 1.17 - March 14th, 2024",https://playeternalreturn.com/posts/news/1792?hl=en-US,2024-03-13T08:00:00.000000Z,1792,40,62,high_for_patch_delta,Official Eternal Return patch note scanned for missing-damage heroes.
2026-05-21T23:47:19.390Z,official_patch_note,1.16b Hotfix,https://playeternalreturn.com/posts/news/1779?hl=en-US,2024-03-04T08:12:00.000000Z,1779,3,5,high_for_patch_delta,Official Eternal Return patch note scanned for missing-damage heroes.
2026-05-21T23:47:19.390Z,official_patch_note,1.16a Hotfix,https://playeternalreturn.com/posts/news/1778?hl=en-US,2024-02-29T11:10:00.000000Z,1778,0,0,none,Scanned official patch note; no damage-related missing-hero snippet emitted.
2026-05-21T23:47:19.390Z,official_patch_note,"PATCH NOTES 1.16 - February 29th, 2024",https://playeternalreturn.com/posts/news/1765?hl=en-US,2024-02-28T08:00:00.000000Z,1765,32,51,high_for_patch_delta,Official Eternal Return patch note scanned for missing-damage heroes.
2026-05-21T23:47:19.390Z,official_patch_note,"PATCH NOTES 1.15.1 - February 22nd, 2024",https://playeternalreturn.com/posts/news/1749?hl=en-US,2024-02-21T08:00:00.000000Z,1749,21,25,high_for_patch_delta,Official Eternal Return patch note scanned for missing-damage heroes.
2026-05-21T23:47:19.390Z,official_patch_note,1.15c Hotfix,https://playeternalreturn.com/posts/news/1744?hl=en-US,2024-02-19T05:35:00.000000Z,1744,0,0,none,Scanned official patch note; no damage-related missing-hero snippet emitted.
2026-05-21T23:47:19.390Z,official_patch_note,1.15b Hotfix,https://playeternalreturn.com/posts/news/1741?hl=en-US,2024-02-16T08:35:00.000000Z,1741,1,1,high_for_patch_delta,Official Eternal Return patch note scanned for missing-damage heroes.
2026-05-21T23:47:19.390Z,official_patch_note,1.15a Hotfix,https://playeternalreturn.com/posts/news/1738?hl=en-US,2024-02-15T10:40:00.000000Z,1738,0,0,none,Scanned official patch note; no damage-related missing-hero snippet emitted.
2026-05-21T23:47:19.390Z,official_patch_note,1.14d Hotfix,https://playeternalreturn.com/posts/news/1734?hl=en-US,2024-02-14T12:45:00.000000Z,1734,0,0,none,Scanned official patch note; no damage-related missing-hero snippet emitted.
2026-05-21T23:47:19.390Z,official_patch_note,1.14c Hotfix,https://playeternalreturn.com/posts/news/1729?hl=en-US,2024-02-14T09:13:40.000000Z,1729,0,0,none,Scanned official patch note; no damage-related missing-hero snippet emitted.
2026-05-21T23:47:19.390Z,official_patch_note,"Patch Notes 1.15 Part.2 (Items, Areas) - February 15th, 2024",https://playeternalreturn.com/posts/news/1728?hl=en-US,2024-02-14T08:21:01.000000Z,1728,0,0,none,Scanned official patch note; no damage-related missing-hero snippet emitted.
2026-05-21T23:47:19.390Z,official_patch_note,"Patch Notes 1.15 Part.1 - February 15th, 2024",https://playeternalreturn.com/posts/news/1727?hl=en-US,2024-02-14T08:20:00.000000Z,1727,10,12,high_for_patch_delta,Official Eternal Return patch note scanned for missing-damage heroes.
2026-05-21T23:47:19.390Z,official_patch_note,1.14b Hotfix,https://playeternalreturn.com/posts/news/1719?hl=en-US,2024-02-07T07:54:00.000000Z,1719,0,0,none,Scanned official patch note; no damage-related missing-hero snippet emitted.
2026-05-21T23:47:19.390Z,official_patch_note,1.14a Hotfix,https://playeternalreturn.com/posts/news/1709?hl=en-US,2024-02-02T08:42:00.000000Z,1709,0,0,none,Scanned official patch note; no damage-related missing-hero snippet emitted.
2026-05-21T23:47:19.390Z,official_patch_note,"PATCH NOTES 1.14 - February 1st, 2024",https://playeternalreturn.com/posts/news/1698?hl=en-US,2024-01-31T08:00:00.000000Z,1698,31,45,high_for_patch_delta,Official Eternal Return patch note scanned for missing-damage heroes.
2026-05-21T23:47:19.390Z,official_patch_note,1.13a Hotfix,https://playeternalreturn.com/posts/news/1684?hl=en-US,2024-01-23T05:36:00.000000Z,1684,0,0,none,Scanned official patch note; no damage-related missing-hero snippet emitted.
2026-05-21T23:47:19.390Z,official_patch_note,"[Edited] PATCH NOTES 1.13 - January 18th, 2024",https://playeternalreturn.com/posts/news/1673?hl=en-US,2024-01-17T08:00:00.000000Z,1673,36,58,high_for_patch_delta,Official Eternal Return patch note scanned for missing-damage heroes.
2026-05-21T23:47:19.390Z,official_patch_note,1.12a Hotfix,https://playeternalreturn.com/posts/news/1660?hl=en-US,2024-01-05T10:25:18.000000Z,1660,1,1,high_for_patch_delta,Official Eternal Return patch note scanned for missing-damage heroes.
2026-05-21T23:47:19.390Z,official_patch_note,"PATCH NOTES 1.12 - January 4th, 2024",https://playeternalreturn.com/posts/news/1654?hl=en-US,2024-01-03T08:00:00.000000Z,1654,47,79,high_for_patch_delta,Official Eternal Return patch note scanned for missing-damage heroes.
2026-05-21T23:47:19.390Z,official_patch_note,"PATCH NOTES 1.11 - December 21st, 2023",https://playeternalreturn.com/posts/news/1633?hl=en-US,2023-12-20T08:00:00.000000Z,1633,22,41,high_for_patch_delta,Official Eternal Return patch note scanned for missing-damage heroes.
2026-05-21T23:47:19.390Z,official_patch_note,1.10c Hotfix,https://playeternalreturn.com/posts/news/1623?hl=en-US,2023-12-13T05:47:00.000000Z,1623,1,2,high_for_patch_delta,Official Eternal Return patch note scanned for missing-damage heroes.
2026-05-21T23:47:19.390Z,official_patch_note,1.10b Hotfix,https://playeternalreturn.com/posts/news/1621?hl=en-US,2023-12-08T06:11:00.000000Z,1621,1,1,high_for_patch_delta,Official Eternal Return patch note scanned for missing-damage heroes.
2026-05-21T23:47:19.390Z,official_patch_note,1.10a Hotfix,https://playeternalreturn.com/posts/news/1619?hl=en-US,2023-12-07T08:53:52.000000Z,1619,0,0,none,Scanned official patch note; no damage-related missing-hero snippet emitted.
2026-05-21T23:47:19.390Z,official_patch_note,"PATCH NOTES 1.10 - December 7th, 2023",https://playeternalreturn.com/posts/news/1612?hl=en-US,2023-12-06T08:00:00.000000Z,1612,32,51,high_for_patch_delta,Official Eternal Return patch note scanned for missing-damage heroes.
2026-05-21T23:47:19.390Z,official_patch_note,1.9c Hotfix,https://playeternalreturn.com/posts/news/1605?hl=en-US,2023-12-01T06:09:00.000000Z,1605,0,0,none,Scanned official patch note; no damage-related missing-hero snippet emitted.
2026-05-21T23:47:19.390Z,official_patch_note,1.9b Hotfix,https://playeternalreturn.com/posts/news/1595?hl=en-US,2023-11-28T08:52:25.000000Z,1595,0,0,none,Scanned official patch note; no damage-related missing-hero snippet emitted.
2026-05-21T23:47:19.390Z,official_patch_note,1.9a Hotfix,https://playeternalreturn.com/posts/news/1586?hl=en-US,2023-11-24T07:05:00.000000Z,1586,5,10,high_for_patch_delta,Official Eternal Return patch note scanned for missing-damage heroes.
2026-05-21T23:47:19.390Z,official_patch_note,"PATCH NOTES 1.9 - November 23rd, 2023",https://playeternalreturn.com/posts/news/1582?hl=en-US,2023-11-22T08:00:00.000000Z,1582,28,50,high_for_patch_delta,Official Eternal Return patch note scanned for missing-damage heroes.
2026-05-21T23:47:19.390Z,official_patch_note,1.8d Hotfix,https://playeternalreturn.com/posts/news/1577?hl=en-US,2023-11-20T09:30:00.000000Z,1577,0,0,none,Scanned official patch note; no damage-related missing-hero snippet emitted.
2026-05-21T23:47:19.390Z,official_patch_note,1.8c Hotfix,https://playeternalreturn.com/posts/news/1561?hl=en-US,2023-11-14T07:14:00.000000Z,1561,11,13,high_for_patch_delta,Official Eternal Return patch note scanned for missing-damage heroes.
2026-05-21T23:47:19.390Z,official_patch_note,Temporary Hotfix,https://playeternalreturn.com/posts/news/1557?hl=en-US,2023-11-12T02:36:00.000000Z,1557,0,0,none,Scanned official patch note; no damage-related missing-hero snippet emitted.
2026-05-21T23:47:19.390Z,official_patch_note,1.8a Hotfix,https://playeternalreturn.com/posts/news/1551?hl=en-US,2023-11-09T11:46:00.000000Z,1551,0,0,none,Scanned official patch note; no damage-related missing-hero snippet emitted.
2026-05-21T23:47:19.390Z,official_patch_note,"PATCH NOTES 1.8 - November 9th, 2023",https://playeternalreturn.com/posts/news/1545?hl=en-US,2023-11-08T08:00:00.000000Z,1545,22,40,high_for_patch_delta,Official Eternal Return patch note scanned for missing-damage heroes.
2026-05-21T23:47:19.390Z,official_patch_note,1.7c Hotfix,https://playeternalreturn.com/posts/news/1533?hl=en-US,2023-10-31T07:10:00.000000Z,1533,11,15,high_for_patch_delta,Official Eternal Return patch note scanned for missing-damage heroes.
2026-05-21T23:47:19.390Z,official_patch_note,1.7b Hotfix,https://playeternalreturn.com/posts/news/1529?hl=en-US,2023-10-27T06:48:00.000000Z,1529,0,0,none,Scanned official patch note; no damage-related missing-hero snippet emitted.
2026-05-21T23:47:19.390Z,official_patch_note,1.7a Hotfix,https://playeternalreturn.com/posts/news/1526?hl=en-US,2023-10-26T12:37:00.000000Z,1526,0,0,none,Scanned official patch note; no damage-related missing-hero snippet emitted.
2026-05-21T23:47:19.390Z,official_patch_note,[Complete] Maintenance Notice,https://playeternalreturn.com/posts/news/1517?hl=en-US,2023-10-26T09:01:00.000000Z,1517,0,0,none,Scanned official patch note; no damage-related missing-hero snippet emitted.
2026-05-21T23:47:19.390Z,official_patch_note,"[Edited] PATCH NOTES 1.7 - October 26, 2023",https://playeternalreturn.com/posts/news/1515?hl=en-US,2023-10-25T08:00:00.000000Z,1515,25,58,high_for_patch_delta,Official Eternal Return patch note scanned for missing-damage heroes.
2026-05-21T23:47:19.390Z,official_patch_note,1.6b Hotfix,https://playeternalreturn.com/posts/news/1494?hl=en-US,2023-10-13T05:25:00.000000Z,1494,0,0,none,Scanned official patch note; no damage-related missing-hero snippet emitted.
2026-05-21T23:47:19.390Z,official_patch_note,1.6a Hotfix,https://playeternalreturn.com/posts/news/1495?hl=en-US,2023-10-12T15:32:00.000000Z,1495,0,0,none,Scanned official patch note; no damage-related missing-hero snippet emitted.
2026-05-21T23:47:19.390Z,official_patch_note,"PATCH NOTES 1.6 - October 12, 2023",https://playeternalreturn.com/posts/news/1480?hl=en-US,2023-10-11T08:00:00.000000Z,1480,28,33,high_for_patch_delta,Official Eternal Return patch note scanned for missing-damage heroes.
2026-05-21T23:47:19.390Z,official_patch_note,[Edited] 1.5b Hotfix,https://playeternalreturn.com/posts/news/1468?hl=en-US,2023-10-04T07:46:00.000000Z,1468,1,1,high_for_patch_delta,Official Eternal Return patch note scanned for missing-damage heroes.
2026-05-21T23:47:19.390Z,official_patch_note,1.5a Hotfix,https://playeternalreturn.com/posts/news/1455?hl=en-US,2023-09-26T09:13:00.000000Z,1455,1,1,high_for_patch_delta,Official Eternal Return patch note scanned for missing-damage heroes.
2026-05-21T23:47:19.390Z,official_patch_note,"[Edited] PATCH NOTES 1.5 - September 26, 2023",https://playeternalreturn.com/posts/news/1447?hl=en-US,2023-09-25T08:00:00.000000Z,1447,34,56,high_for_patch_delta,Official Eternal Return patch note scanned for missing-damage heroes.
2026-05-21T23:47:19.390Z,official_patch_note,1.4a Hotfix,https://playeternalreturn.com/posts/news/1431?hl=en-US,2023-09-14T12:10:00.000000Z,1431,0,0,none,Scanned official patch note; no damage-related missing-hero snippet emitted.
2026-05-21T23:47:19.390Z,official_patch_note,"PATCH NOTES 1.4 - September 14, 2023",https://playeternalreturn.com/posts/news/1424?hl=en-US,2023-09-13T08:00:00.000000Z,1424,29,48,high_for_patch_delta,Official Eternal Return patch note scanned for missing-damage heroes.
2026-05-21T23:47:19.390Z,official_patch_note,1.3.d Hotfix,https://playeternalreturn.com/posts/news/1404?hl=en-US,2023-09-06T03:10:31.000000Z,1404,0,0,none,Scanned official patch note; no damage-related missing-hero snippet emitted.
2026-05-21T23:47:19.390Z,official_patch_note,1.3c Hotfix,https://playeternalreturn.com/posts/news/1400?hl=en-US,2023-09-05T03:24:00.000000Z,1400,1,1,high_for_patch_delta,Official Eternal Return patch note scanned for missing-damage heroes.
2026-05-21T23:47:19.390Z,official_patch_note,1.3b Hotfix,https://playeternalreturn.com/posts/news/1397?hl=en-US,2023-09-01T02:55:00.000000Z,1397,0,0,none,Scanned official patch note; no damage-related missing-hero snippet emitted.
2026-05-21T23:47:19.390Z,official_patch_note,1.3a Hotfix,https://playeternalreturn.com/posts/news/1392?hl=en-US,2023-08-31T10:08:00.000000Z,1392,1,2,high_for_patch_delta,Official Eternal Return patch note scanned for missing-damage heroes.
2026-05-21T23:47:19.390Z,official_patch_note,1.2e Hotfix,https://playeternalreturn.com/posts/news/1376?hl=en-US,2023-08-25T02:43:00.000000Z,1376,0,0,none,Scanned official patch note; no damage-related missing-hero snippet emitted.
2026-05-21T23:47:19.390Z,official_patch_note,1.2d Hotfix,https://playeternalreturn.com/posts/news/1369?hl=en-US,2023-08-22T02:40:00.000000Z,1369,3,3,high_for_patch_delta,Official Eternal Return patch note scanned for missing-damage heroes.
2026-05-21T23:47:19.390Z,official_patch_note,1.2c Hotfix,https://playeternalreturn.com/posts/news/1368?hl=en-US,2023-08-18T10:17:00.000000Z,1368,0,0,none,Scanned official patch note; no damage-related missing-hero snippet emitted.
2026-05-21T23:47:19.390Z,official_patch_note,1.2b Hotfix,https://playeternalreturn.com/posts/news/1364?hl=en-US,2023-08-18T09:20:00.000000Z,1364,0,0,none,Scanned official patch note; no damage-related missing-hero snippet emitted.
2026-05-21T23:47:19.390Z,official_patch_note,"PATCH NOTES 1.2 - August 17th, 2023",https://playeternalreturn.com/posts/news/1354?hl=en-US,2023-08-16T08:00:00.000000Z,1354,42,110,high_for_patch_delta,Official Eternal Return patch note scanned for missing-damage heroes.
2026-05-21T23:47:19.390Z,official_patch_note,1.1.0c Hotfix,https://playeternalreturn.com/posts/news/1338?hl=en-US,2023-08-08T06:20:00.000000Z,1338,6,8,high_for_patch_delta,Official Eternal Return patch note scanned for missing-damage heroes.
2026-05-21T23:47:19.390Z,official_patch_note,1.1.0b Hotfix,https://playeternalreturn.com/posts/news/1335?hl=en-US,2023-08-04T01:30:00.000000Z,1335,0,0,none,Scanned official patch note; no damage-related missing-hero snippet emitted.
2026-05-21T23:47:19.390Z,official_patch_note,1.1.0a Hotfix,https://playeternalreturn.com/posts/news/1334?hl=en-US,2023-08-03T13:43:54.000000Z,1334,0,0,none,Scanned official patch note; no damage-related missing-hero snippet emitted.
2026-05-21T23:47:19.390Z,official_patch_note,"PATCH NOTES 1.1 - Aug 3rd, 2023",https://playeternalreturn.com/posts/news/1328?hl=en-US,2023-08-02T08:00:00.000000Z,1328,38,86,high_for_patch_delta,Official Eternal Return patch note scanned for missing-damage heroes.
2026-05-21T23:47:19.390Z,official_patch_note,1.0.0e Hotfix,https://playeternalreturn.com/posts/news/1313?hl=en-US,2023-07-27T06:30:00.000000Z,1313,0,0,none,Scanned official patch note; no damage-related missing-hero snippet emitted.
2026-05-21T23:47:19.390Z,official_patch_note,1.0.0d Hotfix,https://playeternalreturn.com/posts/news/1307?hl=en-US,2023-07-25T06:30:00.000000Z,1307,18,41,high_for_patch_delta,Official Eternal Return patch note scanned for missing-damage heroes.
2026-05-21T23:47:19.390Z,official_patch_note,1.0.0c Hotfix,https://playeternalreturn.com/posts/news/1305?hl=en-US,2023-07-22T09:55:48.000000Z,1305,3,4,high_for_patch_delta,Official Eternal Return patch note scanned for missing-damage heroes.
2026-05-21T23:47:19.390Z,official_patch_note,1.0.0b Hotfix,https://playeternalreturn.com/posts/news/1302?hl=en-US,2023-07-21T10:40:00.000000Z,1302,0,0,none,Scanned official patch note; no damage-related missing-hero snippet emitted.
2026-05-21T23:47:19.390Z,official_patch_note,1.0.0a Hotfix,https://playeternalreturn.com/posts/news/1299?hl=en-US,2023-07-20T09:50:00.000000Z,1299,0,0,none,Scanned official patch note; no damage-related missing-hero snippet emitted.
2026-05-21T23:47:19.390Z,official_patch_note,1.0.0 Crafting Guide & VPad,https://playeternalreturn.com/posts/news/1284?hl=en-US,2023-07-19T12:00:00.000000Z,1284,0,0,none,Scanned official patch note; no damage-related missing-hero snippet emitted.
2026-05-21T23:47:19.390Z,official_patch_note,1.0.0 Characters,https://playeternalreturn.com/posts/news/1280?hl=en-US,2023-07-19T11:15:00.000000Z,1280,0,0,none,Scanned official patch note; no damage-related missing-hero snippet emitted.
2026-05-21T23:47:19.390Z,official_patch_note,"1.0.0 Tactical Skills, Weapon Skills, Augments",https://playeternalreturn.com/posts/news/1283?hl=en-US,2023-07-19T11:05:00.000000Z,1283,0,0,none,Scanned official patch note; no damage-related missing-hero snippet emitted.
2026-05-21T23:47:19.390Z,official_patch_note,1.0.0 Gameplay,https://playeternalreturn.com/posts/news/1281?hl=en-US,2023-07-19T10:55:00.000000Z,1281,0,0,none,Scanned official patch note; no damage-related missing-hero snippet emitted.
2026-05-21T23:47:19.390Z,official_patch_note,[Edited] 1.0.0 Items,https://playeternalreturn.com/posts/news/1282?hl=en-US,2023-07-19T10:10:00.000000Z,1282,0,0,none,Scanned official patch note; no damage-related missing-hero snippet emitted.
2026-05-21T23:47:19.390Z,official_patch_note,1.0.0 Cobalt Protocol,https://playeternalreturn.com/posts/news/1285?hl=en-US,2023-07-19T09:15:00.000000Z,1285,0,0,none,Scanned official patch note; no damage-related missing-hero snippet emitted.
2026-05-21T23:47:19.390Z,official_patch_note,"1.0.0 (July 20th, 2023)",https://playeternalreturn.com/posts/news/1286?hl=en-US,2023-07-19T08:15:00.000000Z,1286,0,0,none,Scanned official patch note; no damage-related missing-hero snippet emitted.
2026-05-21T23:47:19.390Z,official_patch_note,0.88.0b Hotfix,https://playeternalreturn.com/posts/news/1264?hl=en-US,2023-07-11T03:37:00.000000Z,1264,16,19,high_for_patch_delta,Official Eternal Return patch note scanned for missing-damage heroes.
2026-05-21T23:47:19.390Z,official_patch_note,0.88.0a Hotfix,https://playeternalreturn.com/posts/news/1262?hl=en-US,2023-07-10T05:10:00.000000Z,1262,0,0,none,Scanned official patch note; no damage-related missing-hero snippet emitted.
2026-05-21T23:47:19.390Z,official_patch_note,"PATCH NOTES 0.88.0 - July 5th, 2023",https://playeternalreturn.com/posts/news/1256?hl=en-US,2023-07-05T08:00:00.000000Z,1256,21,30,high_for_patch_delta,Official Eternal Return patch note scanned for missing-damage heroes.
2026-05-21T23:47:19.390Z,official_patch_note,0.87.0c Hotfix,https://playeternalreturn.com/posts/news/1241?hl=en-US,2023-06-27T03:00:00.000000Z,1241,15,24,high_for_patch_delta,Official Eternal Return patch note scanned for missing-damage heroes.
2026-05-21T23:47:19.390Z,official_patch_note,0.87.0b Hotfix,https://playeternalreturn.com/posts/news/1239?hl=en-US,2023-06-23T02:50:00.000000Z,1239,0,0,none,Scanned official patch note; no damage-related missing-hero snippet emitted.
2026-05-21T23:47:19.390Z,official_patch_note,"PATCH NOTES 0.87.0 - June 21st, 2023",https://playeternalreturn.com/posts/news/1234?hl=en-US,2023-06-21T08:00:00.000000Z,1234,0,0,none,Scanned official patch note; no damage-related missing-hero snippet emitted.
2026-05-21T23:47:19.390Z,official_patch_note,0.86.0a Hotfix,https://playeternalreturn.com/posts/news/1217?hl=en-US,2023-06-13T05:58:00.000000Z,1217,0,0,none,Scanned official patch note; no damage-related missing-hero snippet emitted.
2026-05-21T23:47:19.390Z,official_patch_note,"[Edited] PATCH NOTES 0.86.0 - June 7th, 2023",https://playeternalreturn.com/posts/news/1203?hl=en-US,2023-06-07T08:00:00.000000Z,1203,0,0,none,Scanned official patch note; no damage-related missing-hero snippet emitted.
2026-05-21T23:47:19.390Z,official_patch_note,0.85.0a Hotfix,https://playeternalreturn.com/posts/news/1191?hl=en-US,2023-05-30T06:11:00.000000Z,1191,0,0,none,Scanned official patch note; no damage-related missing-hero snippet emitted.
